{"cameraMode":{"drawMode":0,"name":"Shaded","section":"Shading Mode"},"sceneLighting":false,"audioPlay":false,"sceneViewState":{"m_AlwaysRefresh":false,"showFog":true,"showSkybox":false,"showFlares":true,"showImageEffects":true,"showParticleSystems":true,"showVisualEffectGraphs":true,"m_FxEnabled":true},"in2DMode":false,"pivot":{"x":-0.08773612976074219,"y":6.741369724273682,"z":0.054285645484924319},"rotation":{"x":0.2547633945941925,"y":0.09672877192497254,"z":-0.02546931803226471,"w":0.9618870615959168},"size":16.992835998535158,"orthographic":false}