{"cameraMode":{"drawMode":0,"name":"Shaded","section":"Shading Mode"},"sceneLighting":true,"audioPlay":false,"sceneViewState":{"m_AlwaysRefresh":false,"showFog":true,"showSkybox":true,"showFlares":true,"showImageEffects":true,"showParticleSystems":true,"showVisualEffectGraphs":true,"m_FxEnabled":true},"in2DMode":false,"pivot":{"x":193.33670043945313,"y":-36.046302795410159,"z":31.657054901123048},"rotation":{"x":-0.25836801528930666,"y":-0.7429628968238831,"z":0.42614179849624636,"w":-0.44796690344810488},"size":38.99637222290039,"orthographic":false}