{"cameraMode":{"drawMode":0,"name":"Shaded","section":"Shading Mode"},"sceneLighting":true,"audioPlay":false,"sceneViewState":{"m_AlwaysRefresh":false,"showFog":true,"showSkybox":true,"showFlares":true,"showImageEffects":true,"showParticleSystems":true,"showVisualEffectGraphs":true,"m_FxEnabled":true},"in2DMode":false,"pivot":{"x":170.86659240722657,"y":0.6421761512756348,"z":50.380165100097659},"rotation":{"x":-0.21211133897304536,"y":-0.6773297786712647,"z":0.21393921971321107,"w":-0.6712592244148254},"size":6.504024982452393,"orthographic":false}