{"cameraMode":{"drawMode":0,"name":"Shaded","section":"Shading Mode"},"sceneLighting":true,"audioPlay":false,"sceneViewState":{"m_AlwaysRefresh":false,"showFog":true,"showSkybox":true,"showFlares":true,"showImageEffects":true,"showParticleSystems":true,"showVisualEffectGraphs":true,"m_FxEnabled":true},"in2DMode":false,"pivot":{"x":500.2841491699219,"y":-0.09400224685668946,"z":464.70916748046877},"rotation":{"x":0.13708391785621644,"y":0.27969861030578616,"z":-0.04038254916667938,"w":0.9493984580039978},"size":25.900691986083986,"orthographic":true}