{"cameraMode":{"drawMode":0,"name":"Shaded","section":"Shading Mode"},"sceneLighting":true,"audioPlay":false,"sceneViewState":{"m_AlwaysRefresh":false,"showFog":true,"showSkybox":true,"showFlares":true,"showImageEffects":true,"showParticleSystems":true,"showVisualEffectGraphs":true,"m_FxEnabled":true},"in2DMode":false,"pivot":{"x":9.502626419067383,"y":11.660956382751465,"z":16.198415756225587},"rotation":{"x":0.22796016931533814,"y":0.24615474045276643,"z":-0.05785991623997688,"w":0.9406755566596985},"size":3.0801968574523927,"orthographic":false}